,sku,ASSEMBLY REQUIRED,ASSEMBLY TIME,BOX (SHIPPING CARTONS QTY),BOX 1 - CUBE,BOX 1 - DEPTH / WIDTH,BOX 1 - HEIGHT,BOX 1 - LENGTH,BOX 1 - WEIGHT / LBS,BOX 1 HS NUMBER,BOX 1 UPC CODE,CARB COMPLIANT,DEPARTMENT - 1,FINISH - PRIMARY,FINISHED ON ALL SIDES,KEYWORD COLOR 2,KEYWORD FEATURE,KEYWORD FEATURE 2,KEYWORD MATERIAL - FINISH,KEYWORD USAGE 2,KEYWORD USAGE 3,KEYWORD USAGE 4,LEG - DEPTH / WIDTH,LEG - HEIGHT,LEG - LENGTH,LEGS - INCLUDED (QTY),MATERIAL - 1,MATERIAL COLOR,PACKAGING MATERIAL WEIGHT,PRODUCT - DEPTH / WIDTH,PRODUCT - HEIGHT,PRODUCT - LENGTH,PRODUCT - WEIGHT / LBS,PRODUCT TYPE,STYLE,WEIGHT CAPACITY,WINE BOTTLE QTY,WINE BOTTLE STORAGE,WINE GLASS QTY,WINE GLASS STORAGE,BOX 1 HS DESCRIPTION,COUNTRY OF PRIMARY WOOD MILL,FEATURE,FINISH - SECONDARY,FOAM DENSITY,KEYWORD COLOR,KEYWORD FEATURE 3,KEYWORD FEATURE 5,KEYWORD MATERIAL 2 - FINISH,KEYWORD USAGE,MATERIAL - 2,MATERIAL CONTENT (%) COTTON,MATERIAL CONTENT (%) POLYESTER,MATERIAL CONTENT (%) POLYURETHANE,PIECES IN SET,PRODUCT 2 - DEPTH / WIDTH,PRODUCT 2 - HEIGHT,PRODUCT 2 - LENGTH,PRODUCT 2 - WEIGHT / LBS,SEAT - DEPTH,SEAT - WIDTH,SEAT BACK - DEPTH / WIDTH,SEAT BACK - HEIGHT,SEAT BACK - WIDTH,SEAT CUSHION THICKNESS,SEAT HEIGHT FROM FLOOR,SEAT SWIVEL,SEAT SWIVEL RANGE,SET TYPE,SHAPE,UPHOLSTERY,WEIGHT CAPACITY 2,WOOD PERCENTAGE (%),WOOD SPECIES PRIMARY,FINISH ATTRIBUTES,KEYWORD FEATURE 4,LEG 2 - HEIGHT,LEGS - FINISH,PRODUCT - HEIGHT (MAX),PRODUCT 2 - HEIGHT (MAX),SEAT HEIGHT FROM FLOOR 2,COUNTER HEIGHT,BAR HEIGHT,SEAT ADJUSTIBLE,SEAT ADJUSTIBLE RANGE,SEAT ARM - DEPTH / WIDTH,SEAT ARM - HEIGHT,SEAT ARM - LENGTH,CABINET INTERIOR - DEPTH / WIDTH,CABINET INTERIOR - HEIGHT,CABINET INTERIOR - LENGTH,CABINETS INCLUDED QTY,LEG 2 - DEPTH / WIDTH,LEG 2 - LENGTH,LEGS 2 - INCLUDED (QTY),SHELF - DEPTH / WIDTH,SHELF - HEIGHT,SHELF - LENGTH,SHELF 2 - DEPTH / WIDTH,SHELF 2 - HEIGHT,SHELF 2 - LENGTH,SHELF MAXIMUM WEIGHT CAPACITY,SHELF MAXIMUM WEIGHT CAPACITY 2,SHELF THICKNESS,SHELF THICKNESS 2,TIPPING PREVENTION,KEYWORD USAGE 5,TABLE SEATING CAPACITY,SHELVES QTY,SHELVES QTY 2,MATERIAL CONTENT (%) LINEN,DRAWER GLIDES,DRAWER INCLUDED QTY,DRAWER INTERIOR - DEPTH / WIDTH,DRAWER INTERIOR - HEIGHT,DRAWER INTERIOR - LENGTH,DRAWER LEGAL SIZE,DRAWER LETTER SIZE,HARDWARE COLOR (HANDLES / KNOBS),HARDWARE MATERIAL ( HANDLES / KNOBS),SHELF 3 - DEPTH / WIDTH,SHELF 3 - HEIGHT,SHELF 3 - LENGTH,SHELF 4 - DEPTH / WIDTH,SHELF 4 - HEIGHT,SHELF 4 - LENGTH,SHELF MAXIMUM WEIGHT CAPACITY 3,SHELF MAXIMUM WEIGHT CAPACITY 4,SHELVES QTY 3,SHELVES QTY 4,title,description,bullet_points,price,product_type,inventory_status,image1,image2,image3,image4,image5,image6
0,I 3347,YES,60,1,1.24,17,4,40,21,9403.20.00.50,878218005410,YES,BAR,BLACK,YES,BLACK,HOLDS UP TO 15 STANDARD SIZE WINE BOTTLES,HOLDS 6 WINE GLASSES,METAL,WINE RACK,METAL WINE RACK,GLASS RACK,1,40.5,1,4,METAL,BLACK,2,12.5,40.5,16.25,19,HOME BAR,CONTEMPORARY,50,15,YES,6,YES,,,,,,,,,,,,,,,,,,,,,,,,,,,,,,,,,,,,,,,,,,,,,,,,,,,,,,,,,,,,,,,,,,,,,,,,,,,,,,,,,,,,,,,,,,,"HOME BAR - 40""H / BLACK METAL WINE BOTTLE AND GLASS RACK","Seamlessly blending style and utility, this wine bottle and glass rack is an excellent option to stack your prized wine bottles. Constructed with high quality metal this wine rack holds up to 15 wine bottles and features a convenient hanging glass rack that can holds 6 standard wine glasses, and a sleek black surface area to use as additional serving space to prepare your drinks. A must have in any dining room or kitchen, the elegant contemporary design draws the eye and blends well with any décor, all while keeping your wine collection neatly stored.","Holds up to 15 standard size wine bottles, Convenient hanging wine glass storage, Holds 6 wine glasses, Sturdy metal construction with a sleek black surface area to prepare drinks, Compact size perfect for a dining space, living room, entertainment area",$49.00 CAD ,BAR,Out Of Stock,http://www.monarchspec.com/PRODUCT_PHOTOS/LINEART_DRAWING/I_3347.jpg?q=10/14/2020,http://www.monarchspec.com/PRODUCT_PHOTOS/LIFESTYLE_2000x2000/I_3347!S1.jpg?q=10/14/2020,http://www.monarchspec.com/PRODUCT_PHOTOS/LIFESTYLE_2000x2000/I_3347!F1.jpg?q=10/14/2020,http://www.monarchspec.com/PRODUCT_PHOTOS/LIFESTYLE_2000x2000/I_3347.jpg?q=10/14/2020,,
1,I 1252,YES,60,1,4.08,21,10,34,47,9401.69.60.11,021032227357,,BAR,OAK,YES,BLACK,SET OF 2,COUNTER HEIGHT,WOOD,,,,1.5,20.75,1.5,4,SOLID WOOD,OAK,2,19,39,17.5,22.5,BAR STOOL,TRANSITIONAL,200,,,,,"24"" STOOL",MALAYSIA,SWIVEL,BLACK,20,OAK,SWIVEL,WITH BACK,LEATHER LOOK,BAR STOOL,"FOAM, MDF, VENEER",4,26,70,2PCS SET,19,39,17.5,22.5,16.25,16.25,1.75,15,17.5,1.75,24,YES,360,BAR STOOLS,ROUND,LEATHER-LOOK,200,90,RUBBERWOOD,,,,,,,,,,,,,,,,,,,,,,,,,,,,,,,,,,,,,,,,,,,,,,,,,,,,,,,,,"BARSTOOL - 2PCS / 39""H / SWIVEL / OAK COUNTER HEIGHT ","Style or comfort? Why pick when this set of 2 dark oak finish wood barstools blends both so seamlessly. With plush black leather-look 360 degrees swivel seats, interlocking circle design and perfectly positioned circular footrest, these counter height barstools will add a touch of elegance to any game room or dining area.","Set of 2 dark oak finish solid wood counter height stools, Plush black leather-look 360 degrees cushioned swivel seats, Circular back with perfectly positioned footrest for added comfort, Perfectly positioned circular footrest",$190.00 CAD ,BAR,In Stock,http://www.monarchspec.com/PRODUCT_PHOTOS/LINEART_DRAWING/I_1252.jpg?q=10/14/2020,http://www.monarchspec.com/PRODUCT_PHOTOS/LIFESTYLE_2000x2000/I_1252!S2.jpg?q=10/14/2020,http://www.monarchspec.com/PRODUCT_PHOTOS/LIFESTYLE_2000x2000/I_1252!F1.jpg?q=10/14/2020,http://www.monarchspec.com/PRODUCT_PHOTOS/LIFESTYLE_2000x2000/I_1252!S1.jpg?q=10/14/2020,http://www.monarchspec.com/PRODUCT_PHOTOS/LIFESTYLE_2000x2000/I_1252.jpg?q=10/14/2020,
2,I 1534,YES,60,1,2.06,16,9,30,27,9401.69.60.11,878218002815,,BAR,WHITE,YES,,SET OF 2,BAR HEIGHT,WOOD,,,,1.5,27.25,1.5,4,SOLID WOOD,WHITE,3,15.25,29,17.5,12,BAR STOOL,TRADITIONAL,200,,,,,,MALAYSIA,,,,WHITE,,BACKLESS,,BAR STOOL,MDF,,,,2PCS SET,15.25,29,17.5,12,9.25,17.5,,,,,29,,,BAR STOOLS,RECTANGLE,,200,95,RUBBERWOOD,,,,,,,,,,,,,,,,,,,,,,,,,,,,,,,,,,,,,,,,,,,,,,,,,,,,,,,,,"BARSTOOL - 2PCS / 29""H / WHITE SADDLE SEAT","This set of two 29"" high barstools in a white finish is the perfect addition for kitchens, game room or for extra seating when company arrives. With a comfortable saddle seat and well positioned footrest, these classic bar height stools will be the staple of many memorable evenings with friends and family.","Set of 2 stools, Bar height stools in solid wood with comfortable scooped saddle seat, Well positioned footrest to provide comfort and balance, Chic white finish in a classic design",$74.00 CAD ,BAR,In Stock,http://www.monarchspec.com/PRODUCT_PHOTOS/LINEART_DRAWING/I_1534.jpg?q=10/14/2020,http://www.monarchspec.com/PRODUCT_PHOTOS/LIFESTYLE_2000x2000/I_1534!S1.jpg?q=10/14/2020,http://www.monarchspec.com/PRODUCT_PHOTOS/LIFESTYLE_2000x2000/I_1534!F1.jpg?q=10/14/2020,http://www.monarchspec.com/PRODUCT_PHOTOS/LIFESTYLE_2000x2000/I_1534.jpg?q=10/14/2020,,
3,I 2355,YES,30,1,4.02,20,18,21,40,9401.71.00.11,021032245054,,BAR,WHITE,YES,WHITE,SET OF 2,COUNTER OR BAR HEIGHT,METAL,,,,16.5,22,16.5,4,FOAM,WHITE,5,22,37,16.5,17.5,BAR STOOL,"CONTEMPORARY, MODERN",264,,,,,BARSTOOL,CHINA,"ADJUSTABLE, SWIVEL",,45,CHROME,SWIVEL,WITH BACK,LEATHER LOOK,BAR STOOL,"MDF, METAL",85,,15,2PCS SET,22,37,16.5,17.5,16,16,,12,16.25,3,25,,360,BAR STOOLS,,LEATHER-LOOK,264,30,,CHROME,ADJUSTABLE HYDRAULIC LIFT,27,CHROME,42,42,30,,,,,,,,,,,,,,,,,,,,,,,,,,,,,,,,,,,,,,,,,,,,,,,,,,BARSTOOL - 2PCS / WHITE / CHROME METAL HYDRAULIC LIFT ,"Get your style on - This set of 2 modern style bar chairs are waiting for you. With an ergonomic design, the white leather look seats have a straight-line padded design and footrest on the chrome metal base for extra comfort. Adjust the seats to counter height bar stools with the hydraulic lift mechanism, or swivel the chair's pedestal base 360 degrees. Perfect for hosting a group of friends or family in your kitchen, game room or elsewhere, these bar stools are as stylish as it gets.","Built from heavy-duty steel, this set of 2 sturdy counter height bar stools are equipped with a cross brace for added support, Silver metal industrial galvanized finish has a glossy effect for added styling, Floor glides on all 4 legs prevent the bar chairs from sliding, Product Dimensions: 16.5 Inch W x 22 Inch D x 42 Inch Maximum H",$145.00 CAD ,BAR,In Stock,http://www.monarchspec.com/PRODUCT_PHOTOS/LINEART_DRAWING/I_2355.jpg?q=10/14/2020,http://www.monarchspec.com/PRODUCT_PHOTOS/LIFESTYLE_2000x2000/I_2355!F1.jpg?q=10/14/2020,http://www.monarchspec.com/PRODUCT_PHOTOS/LIFESTYLE_2000x2000/I_2355!S1.jpg?q=10/14/2020,http://www.monarchspec.com/PRODUCT_PHOTOS/LIFESTYLE_2000x2000/I_2355.jpg?q=10/14/2020,,
4,I 2296,YES,30,1,4.27,22,12,28,33,9401.71.00.11,680796012342,,BAR,WHITE,YES,BLACK,SET OF 2,COUNTER HEIGHT,METAL,,,,19,21.5,18.5,4,FOAM,WHITE,6,20.5,29.75,20.5,13.5,BAR STOOL,"CONTEMPORARY, MODERN",330,,,,,,CHINA,,,45,CHROME,,LOW BACK,LEATHER LOOK,BAR STOOL,"MDF, METAL",15,,85,2PCS SET,20.5,29.75,20.5,13.5,15,15.5,,5.75,20.5,2.5,24,,,BAR STOOLS,,LEATHER-LOOK,330,30,,CHROME,,,CHROME,,,,YES,,,,,,,,,,,,,,,,,,,,,,,,,,,,,,,,,,,,,,,,,,,,,,,,,BARSTOOL - 2PCS / WHITE / CHROME BASE / COUNTER HEIGHT,"With simple lines and contemporary styling, this set of 2 counter height bar stools will transform your dining and entertainment area. The smooth and supple cushioned white leather-look seat with a low profile curved back gives a sleek modern look to a room. The sturdy chrome metal base with a convenient foot rest makes it easy and comfortable to hang around whether you are entertaining, jamming out a new tune with friends, or simply dining at the breakfast counter. This is the perfect seating for an open loft, condo, or small eat-in spaces.","Set of 2 counter height bar stools, Upholstered in an easy to clean white leather-look fabric, Sleek chrome metal legs with foot rest for stable support, Modern design with thick cushioned low profile back, Easy to assemble, no special tools required",$115.00 CAD ,BAR,Out Of Stock,http://www.monarchspec.com/PRODUCT_PHOTOS/LINEART_DRAWING/I_2296.jpg?q=10/14/2020,http://www.monarchspec.com/PRODUCT_PHOTOS/LIFESTYLE_2000x2000/I_2296!F1.jpg?q=10/14/2020,http://www.monarchspec.com/PRODUCT_PHOTOS/LIFESTYLE_2000x2000/I_2296!S1.jpg?q=10/14/2020,http://www.monarchspec.com/PRODUCT_PHOTOS/LIFESTYLE_2000x2000/I_2296.jpg?q=10/14/2020,,
5,I 1533,YES,60,1,1.7,16,9,25,25,9401.69.60.11,878218002808,,BAR,WHITE,YES,,SET OF 2,COUNTER HEIGHT,WOOD,,,,1.5,22.25,1.5,4,SOLID WOOD,WHITE,3,13.75,24,17.5,11,BAR STOOL,TRADITIONAL,200,,,,,,MALAYSIA,,,,DARK BROWN,,BACKLESS,,BAR STOOL,MDF,,,,2PCS SET,13.75,24,17.5,11,9.25,17.5,,,,,24,,,BAR STOOLS,RECTANGLE,,200,95,RUBBERWOOD,,,,,,,,,,,,,,,,,,,,,,,,,,,,,,,,,,,,,,,,,,,,,,,,,,,,,,,,,"BARSTOOL - 2PCS / 24""H / WHITE SADDLE SEAT","Crafted for your comfort and convenience, these 2 satori stools are constructed of solid wood in a gleaming white finish. This will bring your kitchen or game room to new heights. The stand-out design is of a curved saddle stool look for extra comfort; while the bottom horizontal rails offer increased stability and can act as a footrest while you’re sitting at the counter. Place these counter stools wherever you choose and let them wow you. ","This set of 2 solid wood, white saddle stools make for the perfect counter height bar stools for your kitchen or game room , Horizontal bottom rails offer increased stability and can act as footrests , These 2 bar stools boast an on-trend traditional design with a smooth wipe clean surface , Product Dimensions: 18 Inch L x 14 Inch W x 24 Inch H",$68.00 CAD ,BAR,Out Of Stock,http://www.monarchspec.com/PRODUCT_PHOTOS/LINEART_DRAWING/I_1533.jpg?q=10/14/2020,http://www.monarchspec.com/PRODUCT_PHOTOS/LIFESTYLE_2000x2000/I_1533!F1.jpg?q=10/14/2020,http://www.monarchspec.com/PRODUCT_PHOTOS/LIFESTYLE_2000x2000/I_1533!S1.jpg?q=10/14/2020,http://www.monarchspec.com/PRODUCT_PHOTOS/LIFESTYLE_2000x2000/I_1533.jpg?q=10/14/2020,,
6,I 2398,YES,60,1,2.72,22,17,29,28,9401.71.00.31,021032018498,,BAR,BLACK,YES,,SET OF 2,BAR HEIGHT,WOOD,,,,0.75,26.5,0.75,4,METAL,BLACK,5,21.75,37,21.75,11.5,BAR STOOL,CONTEMPORARY,200,,,,,"BLK 29"" B/STOOL",,SWIVEL,,18,BLACK,,WITH BACK,LEATHER LOOK,BAR STOOL,FOAM,,95,5,2PCS SET,21.75,37,21.75,11.5,15,15,2,8,21.75,2,28,YES,360,BAR STOOLS,,LEATHER-LOOK,200,,,,,,BLACK,,,,,YES,,,,,,,,,,,,,,,,,,,,,,,,,,,,,,,,,,,,,,,,,,,,,,,,"BARSTOOL - 2PCS / 36""H / SWIVEL / BLACK METAL","The real deal when it comes to bar stools, this set of 2 is made for your kitchen against the counter or along the wall. With a curved back, the stools are equipped with a 360-degree swivel base, making your entertainment area a fun place to be for you and your guests. Upholstered in a black faux leather material with thick cushions for comfort, the black metal bases are sturdy and offer a bottom footrest bar. Bring this contemporary style to your living space - These two bar chairs are ready!","Suitable for the bar, bedroom, cafe, kitchen and so on; this set of 2 stool chairs are made for it all , Upholstered in a thick cushion faux leather material, these two bar chairs will be the new favorite spot for you and your guests , Black metal base features a bottom footrest bar for extra comfort; curved back saddle stool design for a contemporary look , 360-degree comfortable swivel stool maintains sturdiness while you change directions , Product Dimensions: 22 Inch L x 22 Inch W x 37 Inch H",$65.00 CAD ,BAR,In Stock,http://www.monarchspec.com/PRODUCT_PHOTOS/LINEART_DRAWING/I_2398.jpg?q=10/14/2020,http://www.monarchspec.com/PRODUCT_PHOTOS/LIFESTYLE_2000x2000/I_2398!S1.jpg?q=10/14/2020,http://www.monarchspec.com/PRODUCT_PHOTOS/LIFESTYLE_2000x2000/I_2398!F1.jpg?q=10/14/2020,http://www.monarchspec.com/PRODUCT_PHOTOS/LIFESTYLE_2000x2000/I_2398.jpg?q=10/14/2020,,
7,I 1251,YES,60,1,4.08,21,10,34,48,9401.69.60.11,021032227340,,BAR,OAK,YES,BLACK,SET OF 2,BAR HEIGHT,WOOD,,,,1.5,25.25,1.5,4,SOLID WOOD,OAK,2,19,42,17.5,23,BAR STOOL,TRANSITIONAL,200,,,,,"29""H BARSTOOL",MALAYSIA,SWIVEL,BLACK,20,OAK,SWIVEL,WITH BACK,LEATHER LOOK,BAR STOOL,"FOAM, MDF, VENEER",4,26,70,2PCS SET,19,42,17.5,23,16.25,16.25,1.75,13,17.5,1.75,29,YES,360,BAR STOOLS,ROUND,LEATHER-LOOK,200,90,RUBBERWOOD,,,,,,,,,,,,,,,,,,,,,,,,,,,,,,,,,,,,,,,,,,,,,,,,,,,,,,,,,"BARSTOOL - 2PCS / 42""H / SWIVEL / DARK OAK BAR HEIGHT","Style or comfort? Why pick when this set of 2 dark oak finish wood barstools blends both so seamlessly. With plush black leather-look 360 degrees swivel seats, interlocking circle design and perfectly positioned circular footrest, these bar height barstools will add a touch of elegance to any game room or dining area.","Set of 2 barstool chairs, Dark oak finish in solid wood, Plush black leather-look 360 degrees swivel seat, Interlocking circle design and perfectly positioned circular footrest",$195.00 CAD ,BAR,In Stock,http://www.monarchspec.com/PRODUCT_PHOTOS/LINEART_DRAWING/I_1251.jpg?q=10/14/2020,http://www.monarchspec.com/PRODUCT_PHOTOS/LIFESTYLE_2000x2000/I_1251!F1.jpg?q=10/14/2020,http://www.monarchspec.com/PRODUCT_PHOTOS/LIFESTYLE_2000x2000/I_1251!S2.jpg?q=10/14/2020,http://www.monarchspec.com/PRODUCT_PHOTOS/LIFESTYLE_2000x2000/I_1251!S1.jpg?q=10/14/2020,http://www.monarchspec.com/PRODUCT_PHOTOS/LIFESTYLE_2000x2000/I_1251.jpg?q=10/14/2020,
8,I 2358,YES,30,1,4.35,23,14,25,26,9401.71.00.11,021032245085,,BAR,WHITE,YES,,,COUNTER OR BAR HEIGHT,METAL,,,,17.75,24.25,17.75,1,FOAM,WHITE,4,21,36,22.5,22,BAR STOOL,"CONTEMPORARY, MODERN",264,,,,,,CHINA,"ADJUSTABLE, SWIVEL",,45,BLACK,SWIVEL,WITH BACK,LEATHER LOOK,BAR STOOL,"MDF, METAL",15,,85,,,,,,19,15.5,,11.75,22.5,3,24.25,YES,360,,,LEATHER-LOOK,,30,,CHROME,ADJUSTABLE HYDRAULIC LIFT,29.75,CHROME,41.5,,29.75,,YES,YES,5.5,3.5,9,2,,,,,,,,,,,,,,,,,,,,,,,,,,,,,,,,,,,,,,,,,,,BARSTOOL - WHITE / CHROME METAL HYDRAULIC LIFT ,"Against the home bar or counter, this bar chair will be the perfect spot for weekday breakfasts, tasty Sunday brunches or get togethers with friends and family. With an ergonomic curved seat back design, the white leather look seat has sufficient padding and a footrest on the chrome metal base for extra comfort. Adjust the seat from 25 to 30 inches with the hydraulic lift mechanism, or swivel the chair's pedestal base 360 degrees. Perfect for hosting a group of friends or family in your kitchen, games room or elsewhere, this bar stool is as stylish as it gets. Includes 1 bar chair.","Against the home bar or counter, this counter height bar stool will be the new favorite seating spot every day of the week, Solid pedestal base in a smooth chrome metal finish, Super comfortable leather look cushioned material in white; the cross brace can be used as a footrest, Full swivel stool features an adjustable hydraulic lift that allows you to raise the saddle stool from 25 to 30 inches, Product Dimensions: 23 Inch L x 21 Inch W x 42 Inch Maximum H",$88.00 CAD ,BAR,In Stock,http://www.monarchspec.com/PRODUCT_PHOTOS/LINEART_DRAWING/I_2358.jpg?q=10/14/2020,http://www.monarchspec.com/PRODUCT_PHOTOS/LIFESTYLE_2000x2000/I_2358!S1.jpg?q=10/14/2020,http://www.monarchspec.com/PRODUCT_PHOTOS/LIFESTYLE_2000x2000/I_2358!F1.jpg?q=10/14/2020,http://www.monarchspec.com/PRODUCT_PHOTOS/LIFESTYLE_2000x2000/I_2358.jpg?q=10/14/2020,,
9,I 2299,YES,30,1,4.52,23,12,30,37,9401.71.00.11,680796012373,,BAR,GREY,YES,BLACK,SET OF 2,BAR HEIGHT,METAL,,,,20,27.5,19,4,FOAM,GREY,4,20.5,35.75,20.5,16.5,BAR STOOL,"CONTEMPORARY, MODERN",330,,,,,,CHINA,,,45,CHROME,,LOW BACK,LEATHER LOOK,BAR STOOL,"MDF, METAL",,100,,2PCS SET,20.5,35.75,20.5,16.5,15,15.5,,5.75,20.5,2.5,30,,,BAR STOOLS,,POLYESTER,330,30,,CHROME,,,CHROME,,,,,YES,,,,,,,,,,,,,,,,,,,,,,,,,,,,,,,,,,,,,,,,,,,,,,,,BARSTOOL - 2PCS / GREY FABRIC / CHROME BASE / BAR HEIGHT,"With simple lines and contemporary styling, this set of 2 bar height bar stools will transform your entertainment area. The soft and smooth cushioned grey fabric seat with a low profile curved back gives a sleek modern look to a room. The sturdy chrome metal base with a convenient foot rest makes it easy and comfortable for friends and family to hang around when entertaining. This is the perfect seating for an open loft, condo, or small spaces.","Set of 2 bar height stools, Upholstered in a soft textured grey fabric, Sleek chrome metal legs with foot rest for stable support, Modern design with thick cushioned low profile back, Easy to assemble, no special tools required",$118.00 CAD ,BAR,In Stock,http://www.monarchspec.com/PRODUCT_PHOTOS/LINEART_DRAWING/I_2299.jpg?q=10/14/2020,http://www.monarchspec.com/PRODUCT_PHOTOS/LIFESTYLE_2000x2000/I_2299!F1.jpg?q=10/14/2020,http://www.monarchspec.com/PRODUCT_PHOTOS/LIFESTYLE_2000x2000/I_2299!S1.jpg?q=10/14/2020,http://www.monarchspec.com/PRODUCT_PHOTOS/LIFESTYLE_2000x2000/I_2299.jpg?q=10/14/2020,,
10,I 2545,YES,60,1,4.02,19,9.5,39.5,72,9403.60.80.81,021032261078,YES,BAR,ESPRESSO,,,,,,,,,1.75,5.75,1.25,2,PARTICLE BOARD,ESPRESSO,2,15.5,36,36,70,HOME BAR,CONTEMPORARY,150,15,YES,8,YES,,CHINA,,,,,,,,,"HOLLOW-CORE, LAMINATE, MDF",,,,,,,,,,,,,,,,,,,RECTANGLE,,,100,RUBBERWOOD,,,5.75,,,,,,,,,,,,14.75,28.5,23,1,1.25,1.75,2,14.75,14,5.25,14.75,14,23,10,20,4,1,YES,,,,,,,,,,,,,,,,,,,,,,,,,"HOME BAR - 36""H / ESPRESSO WITH BOTTLE / GLASS STORAGE","This stylish and contemporary 36"" high bar unit encompasses a design that is ideal for entertaining your guests. It features two doors with hanging wine glass storage and a bottle rack that can hold up to 15 standard wine bottles. The shelving area is great for making cocktails or displaying bar accessories. This espresso finished unit is practical, elegant and a must-have in every home!","2 door cabinet style closed storage, Suspended stem glass holder with fixed shelf, Wine storage for up to 15 bottles (removable wine rack), 2 open shelves on each side, Holds up to 8 small wine glasses",$190.00 CAD ,BAR,In Stock,http://www.monarchspec.com/PRODUCT_PHOTOS/LINEART_DRAWING/I_2545.jpg?q=10/14/2020,http://www.monarchspec.com/PRODUCT_PHOTOS/LIFESTYLE_2000x2000/I_2545!S1.jpg?q=10/14/2020,http://www.monarchspec.com/PRODUCT_PHOTOS/LIFESTYLE_2000x2000/I_2545!F1.jpg?q=10/14/2020,http://www.monarchspec.com/PRODUCT_PHOTOS/LIFESTYLE_2000x2000/I_2545.jpg?q=10/14/2020,,
11,I 2335,YES,60,1,1.76,25,3,38,25,9403.20.00.50,021032245382,,BAR,BLACK,YES,BLACK,HALF-MOON BAR HEIGHT TABLE,"SEATS UP TO 2 PEOPLE; GREAT FOR SMALL HOMES, CONDOS, APARTMENTS",MDF,PUB TABLE,BAR TABLE,BISTRO TABLE,1,40.25,1,4,MDF,BLACK,3,23.75,41,35.5,22,HOME BAR,"CONTEMPORARY, MODERN",100,,,,,,CHINA,,SILVER,,,,,METAL,,METAL,,,,,,,,,,,,,,,,,,,,,,50,RUBBERWOOD,,,,,,,,,,,,,,,,,,,,,,,,,,,,,,,,,BAR HEIGHT TABLE,2,,,,,,,,,,,,,,,,,,,,,,,"HOME BAR - 24""X 36"" / BLACK / SILVER METAL SPACESAVER","Embellish your dining area by placing this elegant-looking home bar. Showing off a contemporary half-moon design, the bistro table features sturdy silver metal legs and a smooth black table top. At the perfect height, the pub table is ideal for your favorite cocktail, snacks and even decorative items. This cozy bar height table fits nicely against a wall to save space, making it versatile in smaller homes, apartments or condos. Pair this beautiful bar table with matching stools to complete the look (bar stools not included).","Features sturdy silver metal legs for a contemporary pub table , Half-moon bar height table seating up to 2 people; great for small homes, condos and apartments , The perfect bar table with a smooth black table top perfect for drinks, snacks and a few decor items , Complete your home bar collection with a set of stools (sold separately) , Product Dimensions: 36 Inch L x 24 Inch W x 41 Inch H",$51.00 CAD ,BAR,In Stock,http://www.monarchspec.com/PRODUCT_PHOTOS/LINEART_DRAWING/I_2335.jpg?q=10/14/2020,http://www.monarchspec.com/PRODUCT_PHOTOS/LIFESTYLE_2000x2000/I_2335-I_2332.jpg?q=10/14/2020,http://www.monarchspec.com/PRODUCT_PHOTOS/LIFESTYLE_2000x2000/I_2335!S1.jpg?q=10/14/2020,http://www.monarchspec.com/PRODUCT_PHOTOS/LIFESTYLE_2000x2000/I_2335!F1.jpg?q=10/14/2020,http://www.monarchspec.com/PRODUCT_PHOTOS/LIFESTYLE_2000x2000/I_2335.jpg?q=10/14/2020,
12,I 2325,YES,60,1,1.76,25,3,38,25,9403.20.00.50,021032245405,,BAR,GREY,YES,CHARCOAL GREY,HALF-MOON BAR HEIGHT TABLE,"SEATS UP TO 2 PEOPLE; GREAT FOR SMALL HOMES, CONDOS, APARTMENTS",MDF,PUB TABLE,BAR TABLE,BISTRO TABLE,1,40.25,1,4,MDF,GREY MARBLE-LOOK,3,23.75,41,35.5,22,HOME BAR,TRANSITIONAL,100,,,,,,CHINA,,,,GRAY MARBLE LOOK,,,METAL,,METAL,,,,,,,,,,,,,,,,,,,,,,50,RUBBERWOOD,MARBLE-LOOK,,,,,,,,,,,,,,,,,,,,,,,,,,,,,,,,BAR HEIGHT TABLE,2,,,,,,,,,,,,,,,,,,,,,,,"HOME BAR - 24""X 36"" / GREY MARBLE / CHARCOAL METAL","Embellish your dining area by placing this elegant-looking home bar. Showing off a contemporary half-moon design, the bistro table features sturdy charcoal metal legs and a smooth grey marble look table top. At the perfect height, the pub table is ideal for your favorite cocktail, snacks and even decorative items. This cozy bar height table fits nicely against a wall to save space, making it versatile in smaller homes, apartments or condos. Pair this beautiful bar table with matching stools to complete the look (bar stools not included).","Pub table features sturdy charcoal metal legs for a contemporary feel , Half-moon bar height table seating up to 2 people; great for small homes, condos and apartments , The perfect bar table with a smooth grey marble look table top perfect for drinks, snacks and a few decor items , Complete your home bar collection with a set of stools (sold separately) , Product Dimensions: 36 Inch L x 24 Inch W x 41 Inch H",$62.00 CAD ,BAR,In Stock,http://www.monarchspec.com/PRODUCT_PHOTOS/LINEART_DRAWING/I_2325.jpg?q=10/14/2020,http://www.monarchspec.com/PRODUCT_PHOTOS/LIFESTYLE_2000x2000/I_2325!F1.jpg?q=10/14/2020,http://www.monarchspec.com/PRODUCT_PHOTOS/LIFESTYLE_2000x2000/I_2325!S1.jpg?q=10/14/2020,http://www.monarchspec.com/PRODUCT_PHOTOS/LIFESTYLE_2000x2000/I_2325-I_2322.jpg?q=10/14/2020,http://www.monarchspec.com/PRODUCT_PHOTOS/LIFESTYLE_2000x2000/I_2325.jpg?q=10/14/2020,
13,I 2548,YES,60,1,6.4,18,13,51,79,9403.60.80.81,021032288334,YES,BAR,ESPRESSO,YES,,,,,,,,1.5,40.5,3.25,4,PARTICLE BOARD,ESPRESSO,2,15.5,42,47.25,77,HOME BAR,CONTEMPORARY,150,,,10,YES,,CHINA,,,,,,,,,"HOLLOW-CORE, LAMINATE, MDF",,,,,,,,,,,,,,,,,,,RECTANGLE,,,100,RUBBERWOOD,,,,,,,,,,,,,,,,,,,,,,9,11.5,43.75,10.5,7.5,45.25,30,30,,,YES,,,2,1,,,,,,,,,,,,,,,,,,,,,"HOME BAR - 48""L / ESPRESSO WITH BOTTLE / GLASS STORAGE","This stylish and contemporary rectangular bar unit offers great features and functionality. Starting with a space saving wine glass rack to hang 10 stemmed glasses, ample bottom shelf space that is lipped to store your wine bottles with an extra shelf on top for other wine accessories, making this bar unit the ultimate entertaining spot in your home.  A rich espresso finish on all sides, along with a large surface space to serve drinks rounds out this multi-functional home bar.","Contemporary style rectangular home bar, Space saving rack to hang 10 stemmed glasses, Extra shelf at the bottom perfect to hold wine or liquor bottles, Rich espresso finish with a large top surface for serving drinks",$205.00 CAD ,BAR,In Stock,http://www.monarchspec.com/PRODUCT_PHOTOS/LINEART_DRAWING/I_2548.jpg?q=10/14/2020,http://www.monarchspec.com/PRODUCT_PHOTOS/LIFESTYLE_2000x2000/I_2548!S1.jpg?q=10/14/2020,http://www.monarchspec.com/PRODUCT_PHOTOS/LIFESTYLE_2000x2000/I_2548!F1.jpg?q=10/14/2020,http://www.monarchspec.com/PRODUCT_PHOTOS/LIFESTYLE_2000x2000/I_2548.jpg?q=10/14/2020,,
14,I 2315,YES,60,1,1.76,25,3,38,25,9403.20.00.50,021032245290,,BAR,ESPRESSO,YES,BRONZE,HALF-MOON BAR HEIGHT TABLE,"SEATS UP TO 2 PEOPLE; GREAT FOR SMALL HOMES, CONDOS, APARTMENTS",MDF,PUB TABLE,BAR TABLE,BISTRO TABLE,1,40.25,1,4,MDF,ESPRESSO,3,23.75,41,35.5,22,HOME BAR,TRANSITIONAL,100,,,,,,CHINA,,,,BROWN MARBLE LOOK,,,METAL,,METAL,,,,,,,,,,,,,,,,,,,,,,50,RUBBERWOOD,MARBLE-LOOK,,,,,,,,,,,,,,,,,,,,,,,,,,,,,,,,BAR HEIGHT TABLE,2,,,,,,,,,,,,,,,,,,,,,,,"HOME BAR - 24""X 36""  / ESPRESSO MARBLE / METAL","Embellish your dining area by placing this elegant-looking home bar. Showing off a contemporary half-moon design, the bistro table features sturdy dark brown metal legs and a smooth brown marble look table top. At the perfect height, the pub table is ideal for your favorite cocktail, snacks and even decorative items. This cozy bar height table fits nicely against a wall to save space, making it versatile in smaller homes, apartments or condos. Pair this beautiful bar table with matching stools to complete the look (bar stools not included).","Pub table features sturdy dark brown metal legs with a trendy brown marble look top for a contemporary feel , Half-moon bar height table seating up to 2 people; great for small homes, condos and apartments , The perfect bar table with a smooth black table top perfect for drinks, snacks and a few decor items , Complete your home bar collection with a set of stools (sold separately) , Product Dimensions: 36 Inch L x 24 Inch W x 41 Inch H",$62.00 CAD ,BAR,In Stock,http://www.monarchspec.com/PRODUCT_PHOTOS/LINEART_DRAWING/I_2315.jpg?q=10/14/2020,http://www.monarchspec.com/PRODUCT_PHOTOS/LIFESTYLE_2000x2000/I_2315!S1.jpg?q=10/14/2020,http://www.monarchspec.com/PRODUCT_PHOTOS/LIFESTYLE_2000x2000/I_2315!F1.jpg?q=10/14/2020,http://www.monarchspec.com/PRODUCT_PHOTOS/LIFESTYLE_2000x2000/I_2315-I_2312.jpg?q=10/14/2020,http://www.monarchspec.com/PRODUCT_PHOTOS/LIFESTYLE_2000x2000/I_2315.jpg?q=10/14/2020,
15,I 2345,YES,60,1,1.76,25,3,38,26,9403.20.00.50,021032245306,,BAR,ESPRESSO,YES,DARK BROWN,HALF-MOON BAR HEIGHT TABLE,"SEATS UP TO 2 PEOPLE; GREAT FOR SMALL HOMES, CONDOS, APARTMENTS",MDF,PUB TABLE,BAR TABLE,BISTRO TABLE,1,40.25,1,4,MDF,ESPRESSO,3,23.75,41,35.5,23,HOME BAR,"CONTEMPORARY, MODERN",100,,,,,,CHINA,,BLACK,,,,,METAL,,METAL,,,,,,,,,,,,,,,,,,,,,,50,RUBBERWOOD,,,,,,,,,,,,,,,,,,,,,,,,,,,,,,,,,BAR HEIGHT TABLE,2,,,,,,,,,,,,,,,,,,,,,,,"HOME BAR - 24""X 36""/ ESPRESSO / BLACK METAL SPACESAVER","Embellish your dining area by placing this elegant-looking home bar. Showing off a contemporary half-moon design, the bistro table features sturdy black metal legs and a sleek dark brown table top. At the perfect height, the pub table is ideal for your favorite cocktail, snacks and even decorative items. This cozy bar height table fits nicely against a wall to save space, making it versatile in smaller homes, apartments or condos. Pair this beautiful bar table with matching stools to complete the look (bar stools not included).","Pub table features sturdy black metal legs for a contemporary feel , Half-moon bar height table seating up to 2 people; great for small homes, condos and apartments , The perfect bar table with a smooth dark brown table top perfect for drinks, snacks and a few decor items , Complete your home bar collection with a set of stools (sold separately) , Product Dimensions: 36 Inch L x 24 Inch W x 41 Inch H",$51.00 CAD ,BAR,In Stock,http://www.monarchspec.com/PRODUCT_PHOTOS/LINEART_DRAWING/I_2345.jpg?q=10/14/2020,http://www.monarchspec.com/PRODUCT_PHOTOS/LIFESTYLE_2000x2000/I_2345!S1.jpg?q=10/14/2020,http://www.monarchspec.com/PRODUCT_PHOTOS/LIFESTYLE_2000x2000/I_2345-I_2398.jpg?q=10/14/2020,http://www.monarchspec.com/PRODUCT_PHOTOS/LIFESTYLE_2000x2000/I_2345-I_2341.jpg?q=10/14/2020,http://www.monarchspec.com/PRODUCT_PHOTOS/LIFESTYLE_2000x2000/I_2345!F1.jpg?q=10/14/2020,http://www.monarchspec.com/PRODUCT_PHOTOS/LIFESTYLE_2000x2000/I_2345.jpg?q=10/14/2020
16,I 2332,YES,60,1,2.52,22,6,34,33,9401.71.00.31,021032245399,,BAR,SILVER,YES,BLACK,SET OF 2,BAR HEIGHT,METAL,,,,1,30,1,4,METAL,SILVER,2,19,43,19,15.5,BAR STOOL,CONTEMPORARY,200,,,,,,,SWIVEL,BLACK,18,GRAY,SWIVEL,WITH BACK,MICROFIBER,BAR STOOL,FOAM,,100,,2PCS SET,19,43,19,15.5,16.25,16.25,2,13,15.75,2,30,YES,360,BAR STOOLS,,MICRO-SUEDE,200,,,,,,,,,,,,,,,,,,,,,,,,,,,,,,,,,,,,,,,,,,,,,,,,,,,,,,,,,,,"BARSTOOL - 2PCS / 43""H / SWIVEL / SILVER METAL ","This set of 2 barstools with seats that swivel 360 degrees is the perfect addition to any dining or entertainment space. They feature sleek sturdy legs and a low profile seat back all finished in a silver metal, as well as black cushioned microfiber seat with a well positioned footrest for added comfort.  They are perfect when entertaining over a couple of drinks!  Table sold separately.","Set of 2 barstools, Sleek legs and a low profile seat back finished in a silver metal, Black microfiber cushioned seats and a well positioned footrest for added comfort, Seats swivel 360 degrees",$79.00 CAD ,BAR,In Stock,http://www.monarchspec.com/PRODUCT_PHOTOS/LINEART_DRAWING/I_2332.jpg?q=10/14/2020,http://www.monarchspec.com/PRODUCT_PHOTOS/LIFESTYLE_2000x2000/I_2332!F1.jpg?q=10/14/2020,http://www.monarchspec.com/PRODUCT_PHOTOS/LIFESTYLE_2000x2000/I_2332!S1.jpg?q=10/14/2020,http://www.monarchspec.com/PRODUCT_PHOTOS/LIFESTYLE_2000x2000/I_2332.jpg?q=10/14/2020,,
17,I 2295,YES,30,1,4.52,23,12,30,37,9401.71.00.11,680796012335,,BAR,BLACK,YES,BLACK,SET OF 2,BAR HEIGHT,METAL,,,,20,27.5,19,4,FOAM,BLACK,4,20.5,35.75,20.5,16.5,BAR STOOL,"CONTEMPORARY, MODERN",330,,,,,,CHINA,,,45,CHROME,,LOW BACK,LEATHER LOOK,BAR STOOL,"MDF, METAL",15,,85,2PCS SET,20.5,35.75,20.5,16.5,15,15.5,,5.75,20.5,2.5,30,,,BAR STOOLS,,LEATHER-LOOK,330,30,,CHROME,,,CHROME,,,,,YES,,,,,,,,,,,,,,,,,,,,,,,,,,,,,,,,,,,,,,,,,,,,,,,,BARSTOOL - 2PCS / BLACK / CHROME BASE / BAR HEIGHT,"With simple lines and contemporary styling, this set of 2 bar height bar stools will transform your entertainment area. The smooth and supple cushioned black leather-look seat with a low profile curved back gives a sleek modern look to a room. The sturdy chrome metal base with a convenient foot rest makes it easy and comfortable for friends and family to hang around when entertaining. This is the perfect seating for an open loft, condo, or small spaces.","Set of 2 bar height stools, Upholstered in an easy to clean black leather-look fabric, Sleek chrome metal legs with foot rest for stable support, Modern design with thick cushioned low profile back, Easy to assemble, no special tools required",$115.00 CAD ,BAR,In Stock,http://www.monarchspec.com/PRODUCT_PHOTOS/LINEART_DRAWING/I_2295.jpg?q=10/14/2020,http://www.monarchspec.com/PRODUCT_PHOTOS/LIFESTYLE_2000x2000/I_2295!F1.jpg?q=10/14/2020,http://www.monarchspec.com/PRODUCT_PHOTOS/LIFESTYLE_2000x2000/I_2295!S1.jpg?q=10/14/2020,http://www.monarchspec.com/PRODUCT_PHOTOS/LIFESTYLE_2000x2000/I_2295.jpg?q=10/14/2020,,
18,I 2313,YES,30,1,3.54,16.5,18.5,19.5,32,9401.30.80.10,680796043261,,BAR,BLACK,YES,,SET OF 2,COUNTER OR BAR HEIGHT,METAL,,,,17.75,25,17.75,1,METAL,BLACK,3,19.25,32.5,18,29,BAR STOOL,"CONTEMPORARY, MODERN",300,,,,,,CHINA,"ADJUSTABLE, SWIVEL",,1.8,BLACK,SWIVEL,LOW BACK,LEATHER LOOK,BAR STOOL,"FOAM, POLYPROPYLENE, POLYURETHANE",,100,,2PCS SET,,,,,15.5,17.25,,7.5,15.5,2,25,YES,360,BAR STOOLS,,"LEATHER-LOOK, POLYURETHANE",,30,,FAUX LEATHER,ADJUSTABLE HYDRAULIC LIFT,33.25,BLACK,40.75,,33.25,,YES,YES,8.25,,,,,,,,,,,,,,,,,,,,,,,,,,,,,,,,,,,,,,,,,,,,,,BARSTOOL - 2PCS / BLACK / BLACK METAL HYDRAULIC LIFT,"Boost the look of your casual dining and entertainment area with this set of 2 modern, armless barstools in a sophisticated black finish. The simple, low curved shell back, with a wide cushioned black leather-look seat that swivels 360 degrees, makes it easy for guests when conversing, and it includes a built-in footrest for added comfort and style. The hydraulic lift lever under the seat smoothly adjusts the seat from counter to bar height for added versatility, with a strong black metal pedestal base keeping the barstool stable. Easy to assemble, get ready to seat your guests for drinks or a meal in these chic bar stools!","Set of 2 armless low back bar stools in a modern style with a sleek black finish, 360 Degrees swivel, cushioned leather look seat with built-in footrest for comfort, Smoothly adjust the seat from counter to bar height with the hydraulic lift lever, Strong black metal pedestal base for stability; quick and easy to assemble, Product dimensions: 18 in W x 19.25 in D x 32.5 in H; Seat height: 25 in – 33.25 in",$95.00 CAD ,BAR,In Stock,http://www.monarchspec.com/PRODUCT_PHOTOS/LINEART_DRAWING/I_2313.jpg?q=10/14/2020,http://www.monarchspec.com/PRODUCT_PHOTOS/LIFESTYLE_2000x2000/I_2313!F1.jpg?q=10/14/2020,http://www.monarchspec.com/PRODUCT_PHOTOS/LIFESTYLE_2000x2000/I_2313!S1.jpg?q=10/14/2020,http://www.monarchspec.com/PRODUCT_PHOTOS/LIFESTYLE_2000x2000/I_2313.jpg?q=10/14/2020,,
19,I 2393,YES,60,1,2.39,22,6,33,28,9401.71.00.11,021032207946,,BAR,ESPRESSO,YES,BEIGE,SET OF 2,BAR HEIGHT,METAL,,,,0.75,27.5,0.75,4,METAL,DARK COFFEE,5,21.5,43,21.5,11.5,BAR STOOL,CONTEMPORARY,200,,,,,"COF 29"" B/STOOL",,SWIVEL,,18,COFFEE,SWIVEL,WITH BACK,MICROFIBER,BAR STOOL,FOAM,,100,,2PCS SET,21.5,43,21.5,11.5,14.5,14.5,2,13.5,21.5,2,29.5,YES,360,BAR STOOLS,,MICRO-SUEDE,200,,,,,,,,,,,,,,,,,,,,,,,,,,,,,,,,,,,,,,,,,,,,,,,,,,,,,,,,,,,"BARSTOOL - 2PCS / 43""H / SWIVEL / DARK COFFEE METAL ","This sleek and contemporary set of 2 metal barstools finished in a dark coffee color is perfect for all types of entertainment and dining spaces. With a slightly curved high back in a cathedral window design, comfortably cushioned beige microfiber 360 degree pivoting seat and well positioned footrest, this swivel bar stool set is sure to be a staple for many memorable evenings with friends and family. Easy to assemble.","Set of 2 barstools, 360 degree pivoting upholstered beige microfiber seat and footrest for added comfort, High slightly curved back for support with an overlapping cathedral window design, Contemporary style",$70.00 CAD ,BAR,In Stock,http://www.monarchspec.com/PRODUCT_PHOTOS/LINEART_DRAWING/I_2393.jpg?q=10/14/2020,http://www.monarchspec.com/PRODUCT_PHOTOS/LIFESTYLE_2000x2000/I_2393!S1.jpg?q=10/14/2020,http://www.monarchspec.com/PRODUCT_PHOTOS/LIFESTYLE_2000x2000/I_2393!F1.jpg?q=10/14/2020,http://www.monarchspec.com/PRODUCT_PHOTOS/LIFESTYLE_2000x2000/I_2393.jpg?q=10/14/2020,,
20,I 1287,YES,60,1,5.26,21,12,36,54,9401.69.60.11,021032257484,,BAR,ESPRESSO,YES,BLACK,SET OF 2,BAR HEIGHT,WOOD,,,,1.5,25.75,1.5,4,SOLID WOOD,ESPRESSO,3,20.25,43,18.75,25.5,BAR STOOL,TRANSITIONAL,200,,,,,,MALAYSIA,SWIVEL,BLACK,20,DARK BROWN,SWIVEL,WITH BACK,LEATHER LOOK,BAR STOOL,"FOAM, MDF, VENEER",4,26,70,2PCS SET,20.25,43,18.75,25.5,17.5,17.5,1.75,14,18.75,1.75,29,YES,360,BAR STOOLS,ROUND,LEATHER-LOOK,200,90,RUBBERWOOD,,,,,,,,,,,,,,,,,,,,,,,,,,,,,,,,,,,,,,,,,,,,,,,,,,,,,,,,,"BARSTOOL - 2PCS / 43""H / SWIVEL / ESPRESSO BAR HEIGHT","Add a touch of style to any dining, entertainment area, or game room with this set of two 43"" high bar stools that swivel a full 360 degrees. These black leather-look cushioned stools have sturdy solid wood legs all framed in a beautiful rich espresso finish. The well positioned footrest also offers stability and comfort. These bar height chairs are sure to be useful through many evenings of entertainment with friends and family.","Set of 2 bar stools in solid wood, Plush black leather-look 360 degrees swivel cushioned seats, Comfortably cushioned curved back with perfectly positioned footrest, Warm espresso finish frame",$210.00 CAD ,BAR,In Stock,http://www.monarchspec.com/PRODUCT_PHOTOS/LINEART_DRAWING/I_1287.jpg?q=10/14/2020,http://www.monarchspec.com/PRODUCT_PHOTOS/LIFESTYLE_2000x2000/I_1287!F1.jpg?q=10/14/2020,http://www.monarchspec.com/PRODUCT_PHOTOS/LIFESTYLE_2000x2000/I_1287!S2.jpg?q=10/14/2020,http://www.monarchspec.com/PRODUCT_PHOTOS/LIFESTYLE_2000x2000/I_1287!S1.jpg?q=10/14/2020,http://www.monarchspec.com/PRODUCT_PHOTOS/LIFESTYLE_2000x2000/I_1287.jpg?q=10/14/2020,
21,I 2377,YES,60,1,2.21,22,6,32,26,9401.71.00.31,878218006790,,BAR,WHITE,YES,,SET OF 2,BAR HEIGHT,METAL,,,,1,28.25,1,4,METAL,WHITE,2,16,44,16,12,BAR STOOL,CONTEMPORARY,200,,,,,,,SWIVEL,GREY,18,BLACK,SWIVEL,WITH BACK,LEATHER LOOK,BAR STOOL,FOAM,35,,,2PCS SET,16,44,16,12,14.25,14.25,3,16.25,16,2.25,28.25,YES,360,BAR STOOLS,,COTTON,200,,,,,,,,,,,,,,,,,,,,,,,,,,,,,,,,,,,,,,,65,,,,,,,,,,,,,,,,,,,,BARSTOOL - 2PCS / SWIVEL / WHITE / GREY FABRIC SEAT,"Perfect for your kitchen, breakfast bar or game room, this set of barstools will be a stylish addition to your home. With comfortably padded grey fabric seats, white metal frame, criss-cross back and perfectly positioned foot rest, these stools are as comfortable as they are visually appealing. The full swivel mechanism makes this contemporary style barstool set a must have for your casual space! Assembly is required.","Set of 2 barstools in a contemporary style, Comfortably padded grey woven textured, 360 degrees swivel seats, Well positioned circular footrest while seated, Sturdy white metal frame with a slightly curved criss-cross styled back",$68.00 CAD ,BAR,Out Of Stock,http://www.monarchspec.com/PRODUCT_PHOTOS/LINEART_DRAWING/I_2377.jpg?q=10/14/2020,http://www.monarchspec.com/PRODUCT_PHOTOS/LIFESTYLE_2000x2000/I_2377!S1.jpg?q=10/14/2020,http://www.monarchspec.com/PRODUCT_PHOTOS/LIFESTYLE_2000x2000/I_2377!F1.jpg?q=10/14/2020,http://www.monarchspec.com/PRODUCT_PHOTOS/LIFESTYLE_2000x2000/I_2377.jpg?q=10/14/2020,,
22,I 2382,YES,30,1,4.35,23,14,25,26,9401.30.80.10,680796012427,,BAR,WHITE,YES,,,COUNTER OR BAR HEIGHT,METAL,,,,17.75,24.25,17.75,1,FOAM,WHITE,4,21,36,22.5,22,BAR STOOL,"CONTEMPORARY, MODERN",264,,,,,,CHINA,"ADJUSTABLE, SWIVEL",,45,BLACK,SWIVEL,WITH BACK,LEATHER LOOK,BAR STOOL,"MDF, METAL",15,,85,,,,,,19,15.5,,11.75,22.5,3,24.25,YES,360,,,LEATHER-LOOK,,30,,,ADJUSTABLE HYDRAULIC LIFT,29.75,WHITE,41.5,,29.25,,YES,YES,5.5,3.5,9,2,,,,,,,,,,,,,,,,,,,,,,,,,,,,,,,,,,,,,,,,,,,BARSTOOL - WHITE / WHITE METAL HYDRAULIC LIFT,"Against the home bar or counter, this bar chair will be the perfect spot for weekday breakfasts, tasty Sunday brunches or get togethers with friends and family. With an ergonomic curved seat back design, the white leather look seat has sufficient padding and a footrest on the matching white metal base for extra comfort. Adjust the seat from 25 to 30 inches with the hydraulic lift mechanism, or swivel the chair's pedestal base 360 degrees. Perfect for hosting a group of friends or family in your kitchen, games room or elsewhere, this bar stool is as stylish as it gets. Includes 1 bar chair.","Against the home bar or counter, this counter height bar stool will be the new favorite seating spot every day of the week, Solid pedestal base in a smooth white metal finish, Super comfortable leather look fabric in white ; the cross brace can be used as a footrest, Full 360 degree swivel stool features an adjustable hydraulic lift that allows you to raise the saddle stool from 25 to 30 inches, Product Dimensions: 23 Inch L x 21 Inch W x 42 Inch Maximum H",$82.00 CAD ,BAR,In Stock,http://www.monarchspec.com/PRODUCT_PHOTOS/LINEART_DRAWING/I_2382.jpg?q=10/14/2020,http://www.monarchspec.com/PRODUCT_PHOTOS/LIFESTYLE_2000x2000/I_2382!S1.jpg?q=10/14/2020,http://www.monarchspec.com/PRODUCT_PHOTOS/LIFESTYLE_2000x2000/I_2382!F1.jpg?q=10/14/2020,http://www.monarchspec.com/PRODUCT_PHOTOS/LIFESTYLE_2000x2000/I_2382.jpg?q=10/14/2020,,
23,I 2543,YES,60,1,4.52,18,7,63.5,82,9403.60.80.81,021032261054,YES,BAR,ESPRESSO,,,,,,,,,1.75,60,1.25,4,PARTICLE BOARD,ESPRESSO,2,15.75,60,24,80,HOME BAR,CONTEMPORARY,150,15,YES,8,YES,,CHINA,,,,,,,,,"HOLLOW-CORE, LAMINATE, MDF",,,,,,,,,,,,,,,,,,,,,,95,RUBBERWOOD,,,,,,,,,,,,,,,,,,,,,,13,5,21.5,13.5,9,21.5,15,15,,,YES,,,1,1,,YES,1,13.25,3.5,18.5,YES,YES,SILVER,METAL,15.5,10.5,20,15.5,10.75,20.5,25,25,1,1,"HOME BAR - 60""H / ESPRESSO LADDER STYLE","This stylish and contemporary ladder style home bar encompasses a design that is ideal for entertaining your guests. It features a felt lined drawer accented with a silver metal drawer pull, a place to hang up to 12 small wine glasses, shelf space ideal for making cocktails, and a wine rack that can store up to 15 standard wine bottles. This espresso finished home bar is practical, elegant and a must-have in every home!","4 Fixed open shelves, Suspended stem glass holder with wide openings for stems, Bottle storage for up to 15 bottles, 1 Storage drawer for bar accessories, Hang up to 12 small wine glasses",$195.00 CAD ,BAR,In Stock,http://www.monarchspec.com/PRODUCT_PHOTOS/LINEART_DRAWING/I_2543.jpg?q=10/14/2020,http://www.monarchspec.com/PRODUCT_PHOTOS/LIFESTYLE_2000x2000/I_2543!S1.jpg?q=10/14/2020,http://www.monarchspec.com/PRODUCT_PHOTOS/LIFESTYLE_2000x2000/I_2543!F1.jpg?q=10/14/2020,http://www.monarchspec.com/PRODUCT_PHOTOS/LIFESTYLE_2000x2000/I_2543.jpg?q=10/14/2020,,
24,I 2381,YES,30,1,4.35,23,14,25,26,9401.30.80.10,680796012410,,BAR,BLACK,YES,,,COUNTER OR BAR HEIGHT,METAL,,,,17.75,24.25,17.75,1,FOAM,BLACK,4,21,36,22.5,22,BAR STOOL,"CONTEMPORARY, MODERN",264,,,,,,CHINA,"ADJUSTABLE, SWIVEL",,45,BLACK,SWIVEL,WITH BACK,LEATHER LOOK,BAR STOOL,"MDF, METAL",15,,85,,,,,,19,15.5,,11.75,22.5,3,24.25,YES,360,,,LEATHER-LOOK,,30,,,ADJUSTABLE HYDRAULIC LIFT,29.75,BLACK,41.5,,29.25,,YES,YES,5.5,3.5,9,2,,,,,,,,,,,,,,,,,,,,,,,,,,,,,,,,,,,,,,,,,,,BARSTOOL - BLACK / BLACK METAL HYDRAULIC LIFT,"Against the home bar or counter, this bar chair will be the perfect spot for weekday breakfasts, tasty Sunday brunches or get togethers with friends and family. With an ergonomic curved seat back design, the black leather look seat has sufficient padding and a footrest on the matching black metal base for extra comfort. Adjust the seat from 25 to 30 inches with the hydraulic lift mechanism, or swivel the chair's pedestal base 360 degrees. Perfect for hosting a group of friends or family in your kitchen, games room or elsewhere, this bar stool is as stylish as it gets. Includes 1 bar chair.","Against the home bar or counter, this counter height bar stool will be the new favorite seating spot every day of the week, Solid pedestal base in a smooth black metal finish, Super comfortable leather look fabric in black ; the cross brace can be used as a footrest, Full 360 degree swivel stool features an adjustable hydraulic lift that allows you to raise the saddle stool from 25 to 30 inches, Product Dimensions: 23 Inch L x 21 Inch W x 42 Inch Maximum H",$82.00 CAD ,BAR,In Stock,http://www.monarchspec.com/PRODUCT_PHOTOS/LINEART_DRAWING/I_2381.jpg?q=10/14/2020,http://www.monarchspec.com/PRODUCT_PHOTOS/LIFESTYLE_2000x2000/I_2381!F1.jpg?q=10/14/2020,http://www.monarchspec.com/PRODUCT_PHOTOS/LIFESTYLE_2000x2000/I_2381!S1.jpg?q=10/14/2020,http://www.monarchspec.com/PRODUCT_PHOTOS/LIFESTYLE_2000x2000/I_2381.jpg?q=10/14/2020,,
25,I 2363,YES,30,1,4.35,23,14,25,26,9401.30.80.10,680796012380,,BAR,GREY,YES,,,COUNTER OR BAR HEIGHT,METAL,,,,17.75,24.25,17.75,1,FOAM,GREY,4,21,36,22.5,22,BAR STOOL,"CONTEMPORARY, MODERN",264,,,,,,CHINA,"ADJUSTABLE, SWIVEL",,45,BLACK,SWIVEL,WITH BACK,LEATHER LOOK,BAR STOOL,"MDF, METAL",,100,,,,,,,19,15.5,,11.75,22.5,3,24.25,YES,360,,,POLYESTER,,30,,CHROME,ADJUSTABLE HYDRAULIC LIFT,29.75,CHROME,41.5,,29.25,,YES,YES,5.5,3.5,9,2,,,,,,,,,,,,,,,,,,,,,,,,,,,,,,,,,,,,,,,,,,,BARSTOOL - GREY FABRIC / CHROME METAL HYDRAULIC LIFT,"Against the home bar or counter, this bar chair will be the perfect spot for weekday breakfasts, tasty Sunday brunches or get togethers with friends and family. With an ergonomic curved seat back design, the grey linen look seat has sufficient padding and a footrest on the chrome metal base for extra comfort. Adjust the seat from 25 to 30 inches with the hydraulic lift mechanism, or swivel the chair's pedestal base 360 degrees. Perfect for hosting a group of friends or family in your kitchen, games room or elsewhere, this bar stool is as stylish as it gets. Includes 1 bar chair.","Against the home bar or counter, this counter height bar stool will be the new favorite seating spot every day of the week, Solid pedestal base in a smooth chrome metal finish, Super comfortable linen-look fabric in grey ; the cross brace can be used as a footrest, Full 360 degree swivel stool features an adjustable hydraulic lift that allows you to raise the saddle stool from 25 to 30 inches, Product Dimensions: 23 Inch L x 21 Inch W x 42 Inch Maximum H",$88.00 CAD ,BAR,In Stock,http://www.monarchspec.com/PRODUCT_PHOTOS/LINEART_DRAWING/I_2363.jpg?q=10/14/2020,http://www.monarchspec.com/PRODUCT_PHOTOS/LIFESTYLE_2000x2000/I_2363!S1.jpg?q=10/14/2020,http://www.monarchspec.com/PRODUCT_PHOTOS/LIFESTYLE_2000x2000/I_2363!F1.jpg?q=10/14/2020,http://www.monarchspec.com/PRODUCT_PHOTOS/LIFESTYLE_2000x2000/I_2363.jpg?q=10/14/2020,,
26,I 1288,YES,60,1,5.26,21,12,36,50,9401.69.60.11,021032257491,,BAR,ESPRESSO,YES,BLACK,SET OF 2,COUNTER HEIGHT,WOOD,,,,1.5,21,1.5,4,SOLID WOOD,ESPRESSO,2,20.25,39,18.75,24,BAR STOOL,TRANSITIONAL,200,,,,,,MALAYSIA,SWIVEL,BLACK,20,DARK BROWN,SWIVEL,WITH BACK,LEATHER LOOK,BAR STOOL,"FOAM, MDF, VENEER",4,26,70,2PCS SET,20.25,39,18.75,24,17.5,17.5,1.75,13.75,18.75,1.75,25.25,YES,360,BAR STOOLS,ROUND,LEATHER-LOOK,200,90,RUBBERWOOD,,,,,,,,,,,,,,,,,,,,,,,,,,,,,,,,,,,,,,,,,,,,,,,,,,,,,,,,,"BARSTOOL - 2PCS / 39""H / SWIVEL / ESPRESSO COUNTER HGT","Add a touch of style to any dining, entertainment area, or game room with this set of two 38"" high  counter height bar stools that swivel a full 360 degrees. These black leather-look cushioned stools have sturdy solid wood legs all framed in a beautiful rich espresso finish. The well positioned footrest also offers stability and comfort. These counter height chairs are sure to be useful through many evenings of entertainment with friends and family.","Set of 2 counter height bar stools in solid wood, Plush black leather-look 360 degrees swivel cushioned seats, Comfortably cushioned curved back with perfectly positioned footrest, Warm espresso finish frame",$200.00 CAD ,BAR,In Stock,http://www.monarchspec.com/PRODUCT_PHOTOS/LINEART_DRAWING/I_1288.jpg?q=10/14/2020,http://www.monarchspec.com/PRODUCT_PHOTOS/LIFESTYLE_2000x2000/I_1288!F1.jpg?q=10/14/2020,http://www.monarchspec.com/PRODUCT_PHOTOS/LIFESTYLE_2000x2000/I_1288!S1.jpg?q=10/14/2020,http://www.monarchspec.com/PRODUCT_PHOTOS/LIFESTYLE_2000x2000/I_1288!S2.jpg?q=10/14/2020,http://www.monarchspec.com/PRODUCT_PHOTOS/LIFESTYLE_2000x2000/I_1288.jpg?q=10/14/2020,
27,I 2298,YES,30,1,4.27,22,12,28,33,9401.71.00.11,680796012366,,BAR,GREY,YES,BLACK,SET OF 2,COUNTER HEIGHT,METAL,,,,19,21.5,18.5,4,FOAM,GREY,6,20.5,29.75,20.5,13.5,BAR STOOL,"CONTEMPORARY, MODERN",330,,,,,,CHINA,,,45,CHROME,,LOW BACK,LEATHER LOOK,BAR STOOL,"MDF, METAL",,100,,2PCS SET,20.5,29.75,20.5,13.5,15,15.5,,5.75,20.5,2.5,24,,,BAR STOOLS,,POLYESTER,330,30,,CHROME,,,CHROME,,,,YES,,,,,,,,,,,,,,,,,,,,,,,,,,,,,,,,,,,,,,,,,,,,,,,,,BARSTOOL - 2PCS / GREY FABRIC / CHROME / COUNTER HEIGHT,"With simple lines and contemporary styling, this set of 2 counter height bar stools will transform your dining and entertainment area. The soft and smooth cushioned grey fabric seat with a low profile curved back gives a sleek modern look to a room. The sturdy chrome metal base with a convenient foot rest makes it easy and comfortable to hang around whether you are entertaining, jamming out a new tune with friends, or simply dining at the breakfast counter. This is the perfect seating for an open loft, condo, or small eat-in spaces.","Set of 2 counter height bar stools, Upholstered in a soft textured grey fabric, Sleek chrome metal legs with foot rest for stable support, Modern design with thick cushioned low profile back, Easy to assemble, no special tools required",$115.00 CAD ,BAR,In Stock,http://www.monarchspec.com/PRODUCT_PHOTOS/LINEART_DRAWING/I_2298.jpg?q=10/14/2020,http://www.monarchspec.com/PRODUCT_PHOTOS/LIFESTYLE_2000x2000/I_2298!F1.jpg?q=10/14/2020,http://www.monarchspec.com/PRODUCT_PHOTOS/LIFESTYLE_2000x2000/I_2298!S1.jpg?q=10/14/2020,http://www.monarchspec.com/PRODUCT_PHOTOS/LIFESTYLE_2000x2000/I_2298.jpg?q=10/14/2020,,
28,I 2297,YES,30,1,4.52,23,12,30,37,9401.71.00.11,680796012359,,BAR,WHITE,YES,BLACK,SET OF 2,BAR HEIGHT,METAL,,,,20,27.5,19,4,FOAM,WHITE,4,20.5,35.75,20.5,16.5,BAR STOOL,"CONTEMPORARY, MODERN",330,,,,,,CHINA,,,45,CHROME,,LOW BACK,LEATHER LOOK,BAR STOOL,"MDF, METAL",15,,85,2PCS SET,20.5,35.75,20.5,16.5,15,15.5,,5.75,20.5,2.5,30,,,BAR STOOLS,,LEATHER-LOOK,330,30,,CHROME,,,CHROME,,,,,YES,,,,,,,,,,,,,,,,,,,,,,,,,,,,,,,,,,,,,,,,,,,,,,,,BARSTOOL - 2PCS / WHITE / CHROME BASE / BAR HEIGHT,"With simple lines and contemporary styling, this set of 2 bar height bar stools will transform your entertainment area. The smooth and supple cushioned white leather-look seat with a low profile curved back gives a sleek modern look to a room. The sturdy chrome metal base with a convenient foot rest makes it easy and comfortable for friends and family to hang around when entertaining. This is the perfect seating for an open loft, condo, or small spaces.","Set of 2 bar height stools, Upholstered in an easy to clean white leather-look fabric, Sleek chrome metal legs with foot rest for stable support, Modern design with thick cushioned low profile back, Easy to assemble, no special tools required",$118.00 CAD ,BAR,In Stock,http://www.monarchspec.com/PRODUCT_PHOTOS/LINEART_DRAWING/I_2297.jpg?q=10/14/2020,http://www.monarchspec.com/PRODUCT_PHOTOS/LIFESTYLE_2000x2000/I_2297!S1.jpg?q=10/14/2020,http://www.monarchspec.com/PRODUCT_PHOTOS/LIFESTYLE_2000x2000/I_2297!F1.jpg?q=10/14/2020,http://www.monarchspec.com/PRODUCT_PHOTOS/LIFESTYLE_2000x2000/I_2297.jpg?q=10/14/2020,,
29,I 2376,YES,60,1,1.76,25,3,38,25,9403.60.80.40,680796000547,,BAR,WHITE,YES,WHITE,HALF-MOON BAR HEIGHT TABLE,"SEATS UP TO 2 PEOPLE; GREAT FOR SMALL HOMES, CONDOS, APARTMENTS",MDF,PUB TABLE,BAR TABLE,BISTRO TABLE,1,40.25,1,4,MDF,WHITE,3,23.75,41,35.5,22,HOME BAR,TRANSITIONAL,100,,,,,,CHINA,,,,,,,METAL,,METAL,,,,,,,,,,,,,,,,,,,,,,50,RUBBERWOOD,,,,,,,,,,,,,,,,,,,,,,,,,,,,,,,,,BAR HEIGHT TABLE,2,,,,,,,,,,,,,,,,,,,,,,,"HOME BAR - 24""X 36"" / WHITE TOP AND METAL SPACESAVER","Embellish your dining area by placing this elegant-looking home bar. Showing off a contemporary half-moon design, the bistro table features sturdy white metal legs and a sleek white table top. At the perfect height, the pub table is ideal for your favorite cocktail, snacks and even decorative items. This cozy bar height table fits nicely against a wall to save space, making it versatile in smaller homes, apartments or condos. Pair this beautiful bar table with matching stools to complete the look (bar stools not included).","Pub table features sturdy white metal legs for a contemporary feel , Half-moon bar height table seating up to 2 people; great for small homes, condos and apartments , The perfect bar table with a smooth white table top perfect for drinks, snacks and a few decor items , Complete your home bar collection with a set of stools (sold separately) , Product Dimensions: 36 Inch L x 24 Inch W x 41 Inch H",$51.00 CAD ,BAR,In Stock,http://www.monarchspec.com/PRODUCT_PHOTOS/LINEART_DRAWING/I_2376.jpg?q=10/14/2020,http://www.monarchspec.com/PRODUCT_PHOTOS/LIFESTYLE_2000x2000/I_2376!F1.jpg?q=10/14/2020,http://www.monarchspec.com/PRODUCT_PHOTOS/LIFESTYLE_2000x2000/I_2376!S1.jpg?q=10/14/2020,http://www.monarchspec.com/PRODUCT_PHOTOS/LIFESTYLE_2000x2000/I_2376.jpg?q=10/14/2020,,
30,I 2396,YES,60,1,2.97,22,8,31,26,9401.71.00.11,021032207960,,BAR,GREY,YES,,SET OF 2,BAR HEIGHT,METAL,,,,0.75,29.5,0.75,4,METAL,GREY,3,19,43,19,11.5,BAR STOOL,CONTEMPORARY,200,,,,,"GR 29"" B/STOOL",,SWIVEL,"BLACK, SILVER",18,BLACK,SWIVEL,WITH BACK,MICROFIBER,BAR STOOL,FOAM,,100,,2PCS SET,19,43,19,11.5,14.25,14.25,2,13.5,19,2,29.5,YES,360,BAR STOOLS,,MICRO-SUEDE,200,,,,,,,,,,,,,,,,,,,,,,,,,,,,,,,,,,,,,,,,,,,,,,,,,,,,,,,,,,,"BARSTOOL - 2PCS / 43""H / SWIVEL / SILVER GREY METAL ","This sleek and contemporary set of 2 metal barstools finished in a dark silvery grey color is perfect for all types of entertainment and dining spaces. With a high slightly curved horizontal slat back, comfortably cushioned black microfiber 360 degree pivoting seat and well positioned footrest, this swivel bar stool set is sure to be a staple for many memorable evenings with friends and family. Easy to assemble.","Set of 2 barstools, High curved ladder style back rest for support, 360 degree pivoting upholstered microfiber black seat with footrest for added comfort, Contemporary style",$73.00 CAD ,BAR,In Stock,http://www.monarchspec.com/PRODUCT_PHOTOS/LINEART_DRAWING/I_2396.jpg?q=10/14/2020,http://www.monarchspec.com/PRODUCT_PHOTOS/LIFESTYLE_2000x2000/I_2396!S1.jpg?q=10/14/2020,http://www.monarchspec.com/PRODUCT_PHOTOS/LIFESTYLE_2000x2000/I_2396!F1.jpg?q=10/14/2020,http://www.monarchspec.com/PRODUCT_PHOTOS/LIFESTYLE_2000x2000/I_2396.jpg?q=10/14/2020,,
31,I 2357,YES,30,1,4.35,23,14,25,26,9401.71.00.11,021032245078,,BAR,BLACK,YES,,,COUNTER OR BAR HEIGHT,METAL,,,,17.75,24.25,17.75,1,FOAM,BLACK,4,21,36,22.5,22,BAR STOOL,"CONTEMPORARY, MODERN",264,,,,,BARSTOOL,CHINA,"ADJUSTABLE, SWIVEL",,45,BLACK,SWIVEL,WITH BACK,LEATHER LOOK,BAR STOOL,"MDF, METAL",15,,85,,,,,,19,15.5,,11.75,22.5,3,24.25,YES,360,,,LEATHER-LOOK,,30,,CHROME,ADJUSTABLE HYDRAULIC LIFT,29.75,CHROME,41.5,,29.75,,YES,YES,5.5,3.5,9,2,,,,,,,,,,,,,,,,,,,,,,,,,,,,,,,,,,,,,,,,,,,BARSTOOL - BLACK / CHROME METAL HYDRAULIC LIFT ,"Against the home bar or counter, this bar chair will be the perfect spot for weekday breakfasts, tasty Sunday brunches or get togethers with friends and family. With an ergonomic curved seat back design, the black leather look seat has sufficient padding and a footrest on the chrome metal base for extra comfort. Adjust the seat from 25 to 30 inches with the hydraulic lift mechanism, or swivel the chair's pedestal base 360 degrees. Perfect for hosting a group of friends or family in your kitchen, games room or elsewhere, this bar stool is as stylish as it gets. Includes 1 bar chair.","Against the home bar or counter, this counter height bar stool will be the new favorite seating spot every day of the week, Solid pedestal base in a smooth chrome metal finish, Super comfortable leather look cushioned material in black; the cross brace can be used as a footrest, Full swivel stool features an adjustable hydraulic lift that allows you to raise the saddle stool from 25 to 30 inches, Product Dimensions: 23 Inch L x 21 Inch W x 42 Inch Maximum H",$88.00 CAD ,BAR,In Stock,http://www.monarchspec.com/PRODUCT_PHOTOS/LINEART_DRAWING/I_2357.jpg?q=10/14/2020,http://www.monarchspec.com/PRODUCT_PHOTOS/LIFESTYLE_2000x2000/I_2357!F1.jpg?q=10/14/2020,http://www.monarchspec.com/PRODUCT_PHOTOS/LIFESTYLE_2000x2000/I_2357!S1.jpg?q=10/14/2020,http://www.monarchspec.com/PRODUCT_PHOTOS/LIFESTYLE_2000x2000/I_2357.jpg?q=10/14/2020,,
32,I 2364,YES,30,1,4.35,23,14,25,26,9401.30.10.10,878218009227,,BAR,LIGHT GREY,YES,,,COUNTER OR BAR HEIGHT,METAL,,,,17.75,24.25,17.75,1,FOAM,LIGHT GREY,4,21,36,22.5,22,BAR STOOL,"CONTEMPORARY, MODERN",264,,,,,,CHINA,"ADJUSTABLE, SWIVEL",,45,BLACK,SWIVEL,WITH BACK,LEATHER LOOK,BAR STOOL,"MDF, METAL",15,,85,,,,,,19,15.5,,11.75,22.5,3,24.25,YES,360,,,LEATHER-LOOK,,30,,CHROME,ADJUSTABLE HYDRAULIC LIFT,29.75,CHROME,41.5,,29.75,,YES,YES,5.5,3.5,9,2,,,,,,,,,,,,,,,,,,,,,,,,,,,,,,,,,,,,,,,,,,,BARSTOOL - LIGHT GREY / CHROME METAL HYDRAULIC LIFT,"Against the home bar or counter, this bar chair will be the perfect spot for weekday breakfasts, tasty Sunday brunches or get togethers with friends and family. With an ergonomic curved seat back design, the light grey leather look seat has sufficient padding and a footrest on the chrome metal base for extra comfort. Adjust the seat from 25 to 30 inches with the hydraulic lift mechanism, or swivel the chair's pedestal base 360 degrees. Perfect for hosting a group of friends or family in your kitchen, games room or elsewhere, this bar stool is as stylish as it gets. Includes 1 bar chair.","Against the home bar or counter, this counter height bar stool will be the new favorite seating spot every day of the week, Solid pedestal base in a smooth chrome metal finish, Super comfortable leather-look fabric in light grey; the cross brace can be used as a footrest, Full 360 degree swivel stool features an adjustable hydraulic lift that allows you to raise the saddle stool from 25 to 30 inches, Product Dimensions: 23 Inch L x 21 Inch W x 42 Inch Maximum H",$88.00 CAD ,BAR,Out Of Stock,http://www.monarchspec.com/PRODUCT_PHOTOS/LINEART_DRAWING/I_2364.jpg?q=10/14/2020,http://www.monarchspec.com/PRODUCT_PHOTOS/LIFESTYLE_2000x2000/I_2364!F1.jpg?q=10/14/2020,http://www.monarchspec.com/PRODUCT_PHOTOS/LIFESTYLE_2000x2000/I_2364!S1.jpg?q=10/14/2020,http://www.monarchspec.com/PRODUCT_PHOTOS/LIFESTYLE_2000x2000/I_2364.jpg?q=10/14/2020,,
33,I 2294,YES,30,1,4.27,22,12,28,33,9401.71.00.11,680796012328,,BAR,BLACK,YES,BLACK,SET OF 2,COUNTER HEIGHT,METAL,,,,19,21.5,18.5,4,FOAM,BLACK,6,20.5,29.75,20.5,13.5,BAR STOOL,"CONTEMPORARY, MODERN",330,,,,,,CHINA,,,45,CHROME,,LOW BACK,LEATHER LOOK,BAR STOOL,"MDF, METAL",15,,85,2PCS SET,20.5,29.75,20.5,13.5,15,15.5,,5.75,20.5,2.5,24,,,BAR STOOLS,,LEATHER-LOOK,330,30,,CHROME,,,CHROME,,,,YES,,,,,,,,,,,,,,,,,,,,,,,,,,,,,,,,,,,,,,,,,,,,,,,,,BARSTOOL - 2PCS / BLACK / CHROME BASE / COUNTER HEIGHT,"With simple lines and contemporary styling, this set of 2 counter height bar stools will transform your dining and entertainment area. The smooth and supple cushioned black leather-look seat with a low profile curved back gives a sleek modern look to a room. The sturdy chrome metal base with a convenient foot rest makes it easy and comfortable to hang around whether you are entertaining, jamming out a new tune with friends, or simply dining at the breakfast counter. This is the perfect seating for an open loft, condo, or small eat-in spaces.","Set of 2 counter height bar stools, Upholstered in an easy to clean black leather-look fabric, Sleek chrome metal legs with foot rest for stable support, Modern design with thick cushioned low profile back, Easy to assemble, no special tools required",$110.00 CAD ,BAR,In Stock,http://www.monarchspec.com/PRODUCT_PHOTOS/LINEART_DRAWING/I_2294.jpg?q=10/14/2020,http://www.monarchspec.com/PRODUCT_PHOTOS/LIFESTYLE_2000x2000/I_2294!S1.jpg?q=10/14/2020,http://www.monarchspec.com/PRODUCT_PHOTOS/LIFESTYLE_2000x2000/I_2294!F1.jpg?q=10/14/2020,http://www.monarchspec.com/PRODUCT_PHOTOS/LIFESTYLE_2000x2000/I_2294.jpg?q=10/14/2020,,
34,I 2310,YES,60,1,1.94,31,3,38,22,9403.20.00.50,021032243036,,BAR,ESPRESSO,YES,BRONZE,,,,,,,1,41.25,1,4,MDF,ESPRESSO,3,30,42,30,19,HOME BAR,TRADITIONAL,100,,,,,,CHINA,,ESPRESSO,,BROWN MARBLE LOOK,,,,,METAL,,,,,,,,,,,,,,,,,,,ROUND,,,50,RUBBERWOOD,MARBLE-LOOK,,,,,,,,,,,,,,,,,,,,,,,,,,,,,,,,,,,,,,,,,,,,,,,,,,,,,,,,"HOME BAR - 30""DIA / ESPRESSO MARBLE / COFFEE METAL","Enhance the look of your casual dining area with this transitional style space saver home bar table. It features sleek dark brown, espresso tube metal legs with a comfortable foot rest, and a smooth marble-look top. Easily accommodating two people, this cozy round bar height table is perfect in smaller homes, condos, apartments. Pair it with some bar stools (sold separately) and you have a mini bistro bar!","Transitional design, Sturdy dark brown, espresso metal legs with a round marble-look table top, Pair the home bar with a set of bar stools to complete the set (sold separately), Seats up to 2 people, Great space saver for small homes, condos, apartments",$63.00 CAD ,BAR,In Stock,http://www.monarchspec.com/PRODUCT_PHOTOS/LINEART_DRAWING/I_2310.jpg?q=10/14/2020,http://www.monarchspec.com/PRODUCT_PHOTOS/LIFESTYLE_2000x2000/I_2310!F1.jpg?q=10/14/2020,http://www.monarchspec.com/PRODUCT_PHOTOS/LIFESTYLE_2000x2000/I_2310-I_2393.jpg?q=10/14/2020,http://www.monarchspec.com/PRODUCT_PHOTOS/LIFESTYLE_2000x2000/I_2310-I_2311.jpg?q=10/14/2020,http://www.monarchspec.com/PRODUCT_PHOTOS/LIFESTYLE_2000x2000/I_2310!S1.jpg?q=10/14/2020,http://www.monarchspec.com/PRODUCT_PHOTOS/LIFESTYLE_2000x2000/I_2310.jpg?q=10/14/2020
35,I 2314,YES,30,1,3.54,16.5,18.5,19.5,32,9401.30.80.10,680796043278,,BAR,WHITE,YES,,SET OF 2,COUNTER OR BAR HEIGHT,METAL,,,,17.75,25,17.75,1,METAL,WHITE,3,19.25,32.5,18,29,BAR STOOL,"CONTEMPORARY, MODERN",300,,,,,,CHINA,"ADJUSTABLE, SWIVEL",,1.8,BLACK,SWIVEL,LOW BACK,LEATHER LOOK,BAR STOOL,"FOAM, POLYPROPYLENE, POLYURETHANE",,100,,2PCS SET,,,,,15.5,17.25,,7.5,15.5,2,25,YES,360,BAR STOOLS,,"LEATHER-LOOK, POLYURETHANE",,30,,,ADJUSTABLE HYDRAULIC LIFT,33.25,WHITE,40.75,,33.25,,YES,YES,8.25,,,,,,,,,,,,,,,,,,,,,,,,,,,,,,,,,,,,,,,,,,,,,,BARSTOOL - 2PCS / WHITE / WHITE METAL HYDRAULIC LIFT,"Boost the look of your casual dining and entertainment area with this set of 2 modern, armless barstools in a sophisticated black finish. The simple, low curved shell back, with a wide cushioned white leather-look seat that swivels 360 degrees, makes it easy for guests when conversing, and it includes a built-in footrest for added comfort and style. The hydraulic lift lever under the seat smoothly adjusts the seat from counter to bar height for added versatility, with a strong white metal pedestal base keeping the barstool stable. Easy to assemble, get ready to seat your guests for drinks or a meal in these chic bar stools!","Set of 2 armless low back bar stools in a modern style with a sleek white finish, 360 Degrees swivel, cushioned leather look seat with built-in footrest for comfort, Smoothly adjust the seat from counter to bar height with the hydraulic lift lever, Strong white metal pedestal base for stability; quick and easy to assemble, Product dimensions: 18 in W x 19.25 in D x 32.5 in H; Seat height: 25 in – 33.25 in",$95.00 CAD ,BAR,Out Of Stock,http://www.monarchspec.com/PRODUCT_PHOTOS/LINEART_DRAWING/I_2314.jpg?q=10/14/2020,http://www.monarchspec.com/PRODUCT_PHOTOS/LIFESTYLE_2000x2000/I_2314!F1.jpg?q=10/14/2020,http://www.monarchspec.com/PRODUCT_PHOTOS/LIFESTYLE_2000x2000/I_2314!S1.jpg?q=10/14/2020,http://www.monarchspec.com/PRODUCT_PHOTOS/LIFESTYLE_2000x2000/I_2314.jpg?q=10/14/2020,,
36,I 2370,YES,30,1,5.34,22,19,23,45,9401.30.10.10,878218006813,,BAR,WHITE,YES,GRAY,SET OF 2,BAR HEIGHT,METAL,,,,17.75,23,17.75,1,FOAM,WHITE,5,22,40,17.75,20,BAR STOOL,"CONTEMPORARY, MODERN",200,,,,,,CHINA,ADJUSTABLE,,45,CHROME,SWIVEL,WITH BACK,LEATHER LOOK,BAR STOOL,"MDF, METAL",15,,85,2PCS SET,22,40,17.75,20,15,16.5,7,15,16.5,3,26,,,BAR STOOLS,L SHAPED,LEATHER-LOOK,200,30,,CHROME,,27.5,,44.5,44.5,30.5,,,YES,4.5,,,,,,,,,,,,,,,,,,,,,,,,,,,,,,,,,,,,,,,,,,,,,,BARSTOOL - 2PCS / WHITE / CHROME METAL HYDRAULIC LIFT,"Satisfy your modern side with these two truly stylish bar chairs. To bring you a comfortable seating experience, the set is delicately upholstered in a smooth, durable chic smooth white leather finish with a channel quilt pattern. You can also rest your feet on the built-in footrests. The stools have 360-degree swivel functionality in addition to hydraulic height adjustability to find the ideal fit. In the office, at home, at the restaurant, these two chairs show off versatility in its finest form and are as practical as ever. ","Includes set of 2 height adjustable stools in a white leather look upholstery for a contemporary chic design , 360-degree swivel stools are equipped with height adjustable chrome metal base thanks to an easy-to-use hydraulic lift mechanism , Strategically placed built-in footrests on the pedestal base for extra comfort , The seat height adjusts to be used as counter height bar stools , Product Dimensions: 18 Inch L x 22 Inch W x 40 Inch H (45 Inch maximum)",$175.00 CAD ,BAR,In Stock,http://www.monarchspec.com/PRODUCT_PHOTOS/LINEART_DRAWING/I_2370.jpg?q=10/14/2020,http://www.monarchspec.com/PRODUCT_PHOTOS/LIFESTYLE_2000x2000/I_2370!F1.jpg?q=10/14/2020,http://www.monarchspec.com/PRODUCT_PHOTOS/LIFESTYLE_2000x2000/I_2370!S1.jpg?q=10/14/2020,http://www.monarchspec.com/PRODUCT_PHOTOS/LIFESTYLE_2000x2000/I_2370.jpg?q=10/14/2020,,
37,I 2375,YES,60,1,2.21,22,6,32,26,9401.71.00.31,878218006783,,BAR,BLACK,YES,,SET OF 2,BAR HEIGHT,METAL,,,,1,28.25,1,4,METAL,BLACK,2,16,44,16,12,BAR STOOL,CONTEMPORARY,200,,,,,,,SWIVEL,,18,BLACK,SWIVEL,WITH BACK,LEATHER LOOK,BAR STOOL,FOAM,,95,5,2PCS SET,16,44,16,12,14.25,14.25,3,16.25,16,2.25,28.25,YES,360,BAR STOOLS,,LEATHER-LOOK,200,,,,,,,,,,,,,,,,,,,,,,,,,,,,,,,,,,,,,,,,,,,,,,,,,,,,,,,,,,,BARSTOOL - 2PCS / SWIVEL / BLACK /BLACK LEATHER-LOOK SEAT,"Perfect for your kitchen, breakfast bar or game room, this set of 2 barstools will be a stylish addition to your home. With comfortably padded black leather-look seats, matte black metal frame, criss-cross back and perfectly positioned foot rest, these stools are as comfortable as they are visually appealing. The full swivel mechanism makes this contemporary style barstool set a must have for your casual space! Assembly is required.","Set of 2 barstools in a contemporary style, Comfortably padded leather-look, 360 degrees swivel seats, Well positioned circular footrest while seated, Sturdy matte black metal frame with a slightly curved criss-cross styled back",$68.00 CAD ,BAR,In Stock,http://www.monarchspec.com/PRODUCT_PHOTOS/LINEART_DRAWING/I_2375.jpg?q=10/14/2020,http://www.monarchspec.com/PRODUCT_PHOTOS/LIFESTYLE_2000x2000/I_2375!F1.jpg?q=10/14/2020,http://www.monarchspec.com/PRODUCT_PHOTOS/LIFESTYLE_2000x2000/I_2375!S1.jpg?q=10/14/2020,http://www.monarchspec.com/PRODUCT_PHOTOS/LIFESTYLE_2000x2000/I_2375.jpg?q=10/14/2020,,
38,I 2441,YES,30,1,4.35,23,14,25,26,9401.71.00.11,021032288518,,BAR,CHARCOAL,YES,,,COUNTER OR BAR HEIGHT,METAL,,,,17.75,24.25,17.75,1,FOAM,CHARCOAL,4,21,36,22.5,22,BAR STOOL,"CONTEMPORARY, MODERN",264,,,,,,CHINA,"ADJUSTABLE, SWIVEL",,45,BLACK,SWIVEL,WITH BACK,LEATHER LOOK,BAR STOOL,"MDF, METAL",15,,85,,,,,,19,15.5,,11.75,22.5,3,24.25,YES,360,,,LEATHER-LOOK,,30,,CHROME,ADJUSTABLE HYDRAULIC LIFT,29.75,CHROME,41.5,,29.75,,YES,YES,5.5,3.5,9,2,,,,,,,,,,,,,,,,,,,,,,,,,,,,,,,,,,,,,,,,,,,BARSTOOL - CHARCOAL GREY / CHROME METAL HYDRAULIC LIFT,"Against the home bar or counter, this bar chair will be the perfect spot for weekday breakfasts, tasty Sunday brunches or get togethers with friends and family. With an ergonomic curved seat back design, the charcoal grey leather look seat has sufficient padding and a footrest on the chrome metal base for extra comfort. Adjust the seat from 25 to 30 inches with the hydraulic lift mechanism, or swivel the chair's pedestal base 360 degrees. Perfect for hosting a group of friends or family in your kitchen, games room or elsewhere, this bar stool is as stylish as it gets. Includes 1 bar chair.","Against the home bar or counter, this counter height bar stool will be the new favorite seating spot every day of the week , Robust and durable pedestal base in a smooth chrome metal finish  , Super comfortable leather look fabric in charcoal grey; the cross brace can be used as a footrest , Full 360 degree swivel stool features an adjustable hydraulic lift that allows you to raise the saddle stool from 25 to 30 inches  , Product Dimensions: 23 Inch L x 21 Inch W x 42 Inch Maximum H",$85.00 CAD ,BAR,In Stock,http://www.monarchspec.com/PRODUCT_PHOTOS/LINEART_DRAWING/I_2441.jpg?q=10/14/2020,http://www.monarchspec.com/PRODUCT_PHOTOS/LIFESTYLE_2000x2000/I_2441!S1.jpg?q=10/14/2020,http://www.monarchspec.com/PRODUCT_PHOTOS/LIFESTYLE_2000x2000/I_2441!F1.jpg?q=10/14/2020,http://www.monarchspec.com/PRODUCT_PHOTOS/LIFESTYLE_2000x2000/I_2441.jpg?q=10/14/2020,,
